{"cameraMode":{"drawMode":0,"name":"Shaded","section":"Shading Mode"},"sceneLighting":false,"audioPlay":false,"sceneViewState":{"m_AlwaysRefresh":false,"showFog":true,"showSkybox":false,"showFlares":true,"showImageEffects":true,"showParticleSystems":true,"showVisualEffectGraphs":true,"m_FxEnabled":true},"in2DMode":false,"pivot":{"x":-6.582979679107666,"y":-0.27502357959747317,"z":-0.2638735771179199},"rotation":{"x":-0.49506011605262759,"y":-0.2792380750179291,"z":0.17171043157577516,"w":-0.8049215078353882},"size":2.1611337661743166,"orthographic":true}